{"cameraMode":{"drawMode":0,"name":"Shaded","section":"Shading Mode"},"sceneLighting":false,"audioPlay":false,"sceneViewState":{"m_AlwaysRefresh":false,"showFog":true,"showSkybox":false,"showFlares":true,"showImageEffects":true,"showParticleSystems":true,"showVisualEffectGraphs":true,"m_FxEnabled":true},"in2DMode":false,"pivot":{"x":8.645686149597168,"y":15.189208030700684,"z":24.152301788330079},"rotation":{"x":-0.06897412240505219,"y":0.42937642335891726,"z":-0.03291336074471474,"w":-0.8999013900756836},"size":21.30949592590332,"orthographic":false}